{
  "val_accuracy": 0.8154761904761905,
  "test_accuracy": 0.8452380952380952,
  "classification_report": {
    "Cinnamomum_tamala": {
      "precision": 1.0,
      "recall": 0.2,
      "f1-score": 0.3333333333333333,
      "support": 5.0
    },
    "Mesua_ferrea": {
      "precision": 0.5,
      "recall": 0.25,
      "f1-score": 0.3333333333333333,
      "support": 4.0
    },
    "Myxopyrum_smilacifolium": {
      "precision": 0.0,
      "recall": 0.0,
      "f1-score": 0.0,
      "support": 3.0
    },
    "Plectranthus_vettiveroides": {
      "precision": 1.0,
      "recall": 0.8,
      "f1-score": 0.8888888888888888,
      "support": 5.0
    },
    "Pongamia_pinnata": {
      "precision": 0.0,
      "recall": 0.0,
      "f1-score": 0.0,
      "support": 1.0
    },
    "Putranjiva_roxburghii": {
      "precision": 0.875,
      "recall": 0.5,
      "f1-score": 0.6363636363636364,
      "support": 14.0
    },
    "Rauvolfia_tetraphylla": {
      "precision": 1.0,
      "recall": 0.8888888888888888,
      "f1-score": 0.9411764705882353,
      "support": 9.0
    },
    "Rivinia_humilis": {
      "precision": 1.0,
      "recall": 1.0,
      "f1-score": 1.0,
      "support": 11.0
    },
    "Samadhera_indica": {
      "precision": 1.0,
      "recall": 0.2222222222222222,
      "f1-score": 0.36363636363636365,
      "support": 9.0
    },
    "Sansevieria_zeylanica": {
      "precision": 1.0,
      "recall": 1.0,
      "f1-score": 1.0,
      "support": 9.0
    },
    "Santalum_album": {
      "precision": 1.0,
      "recall": 0.8,
      "f1-score": 0.8888888888888888,
      "support": 5.0
    },
    "Saraca_indica": {
      "precision": 1.0,
      "recall": 0.6666666666666666,
      "f1-score": 0.8,
      "support": 9.0
    },
    "Sauropus_androgynus": {
      "precision": 0.8235294117647058,
      "recall": 1.0,
      "f1-score": 0.9032258064516129,
      "support": 14.0
    },
    "Schaueria_flavicoma": {
      "precision": 0.9310344827586207,
      "recall": 1.0,
      "f1-score": 0.9642857142857143,
      "support": 27.0
    },
    "Simarouba_glauca": {
      "precision": 0.0,
      "recall": 0.0,
      "f1-score": 0.0,
      "support": 2.0
    },
    "Solanum_diphyllum": {
      "precision": 0.9411764705882353,
      "recall": 1.0,
      "f1-score": 0.9696969696969697,
      "support": 16.0
    },
    "Solanum_torvum": {
      "precision": 0.8,
      "recall": 1.0,
      "f1-score": 0.8888888888888888,
      "support": 24.0
    },
    "Solanum_virginianum": {
      "precision": 0.0,
      "recall": 0.0,
      "f1-score": 0.0,
      "support": 2.0
    },
    "Sphagneticola_trilobata": {
      "precision": 1.0,
      "recall": 1.0,
      "f1-score": 1.0,
      "support": 20.0
    },
    "Streblus_asper": {
      "precision": 1.0,
      "recall": 1.0,
      "f1-score": 1.0,
      "support": 9.0
    },
    "Syzygium_gardneri": {
      "precision": 0.0,
      "recall": 0.0,
      "f1-score": 0.0,
      "support": 2.0
    },
    "Syzygium_hemisphericum": {
      "precision": 1.0,
      "recall": 0.2727272727272727,
      "f1-score": 0.42857142857142855,
      "support": 11.0
    },
    "Syzygium_samarangense": {
      "precision": 0.8461538461538461,
      "recall": 0.8461538461538461,
      "f1-score": 0.8461538461538461,
      "support": 13.0
    },
    "Syzygium_zeylanicum": {
      "precision": 0.7894736842105263,
      "recall": 1.0,
      "f1-score": 0.8823529411764706,
      "support": 15.0
    },
    "Tabernaemontana_alternifolia": {
      "precision": 1.0,
      "recall": 0.7777777777777778,
      "f1-score": 0.875,
      "support": 9.0
    },
    "Tamarindus_indica": {
      "precision": 1.0,
      "recall": 1.0,
      "f1-score": 1.0,
      "support": 11.0
    },
    "Terminalia_arjuna": {
      "precision": 1.0,
      "recall": 1.0,
      "f1-score": 1.0,
      "support": 6.0
    },
    "Thespesia_populnea": {
      "precision": 0.8421052631578947,
      "recall": 1.0,
      "f1-score": 0.9142857142857143,
      "support": 16.0
    },
    "Tithonia_diversifolia": {
      "precision": 1.0,
      "recall": 0.5714285714285714,
      "f1-score": 0.7272727272727273,
      "support": 7.0
    },
    "Trewia_nudiflora": {
      "precision": 1.0,
      "recall": 1.0,
      "f1-score": 1.0,
      "support": 10.0
    },
    "Vetiveria_zizaioides": {
      "precision": 1.0,
      "recall": 1.0,
      "f1-score": 1.0,
      "support": 7.0
    },
    "Woodfordia_fruiticosa": {
      "precision": 0.5166666666666667,
      "recall": 1.0,
      "f1-score": 0.6813186813186813,
      "support": 31.0
    },
    "accuracy": 0.8452380952380952,
    "macro avg": {
      "precision": 0.7770356195406405,
      "recall": 0.6811207889332889,
      "f1-score": 0.6958335510354604,
      "support": 336.0
    },
    "weighted avg": {
      "precision": 0.861632804967117,
      "recall": 0.8452380952380952,
      "f1-score": 0.8212368904845694,
      "support": 336.0
    }
  },